<?xml version="1.0" encoding="UTF-8"?>
<data-definition xmlns="http://reporting.pentaho.org/namespaces/engine/classic/bundle/data/1.0">
  <parameter-definition>
    <plain-parameter name="prioritystatus" mandatory="false" type="java.lang.String"/>
  </parameter-definition>
  <data-source report-query="get_col3" limit="0" ref="datasources/sql-ds.xml"/>
  <expression name="page" class="org.jfree.report.function.PageFunction">
    <properties>
      <property name="pageIncrement" class="java.lang.Integer">1</property>
      <property name="startPage" class="java.lang.Integer">1</property>
    </properties>
  </expression>
  <expression name="pages" class="org.jfree.report.function.PageTotalFunction">
    <properties>
      <property name="pageIncrement" class="java.lang.Integer">1</property>
      <property name="startPage" class="java.lang.Integer">1</property>
    </properties>
  </expression>
</data-definition>
