<?xml version="1.0" encoding="UTF-8"?>
<style xmlns="http://reporting.pentaho.org/namespaces/engine/classic/bundle/style/1.0" xmlns:layout="http://reporting.pentaho.org/namespaces/engine/classic/bundle/layout/1.0" xmlns:core="http://reporting.pentaho.org/namespaces/engine/attributes/core" xmlns:html="http://reporting.pentaho.org/namespaces/engine/attributes/html" xmlns:swing="http://reporting.pentaho.org/namespaces/engine/attributes/swing" xmlns:pdf="http://reporting.pentaho.org/namespaces/engine/attributes/pdf">
  <page-definition horizontal-span="1" vertical-span="1" pageformat="LETTER" orientation="landscape" margin-top="40" margin-left="18" margin-bottom="18" margin-right="25"/>
  <layout:watermark xmlns:report-designer="http://reporting.pentaho.org/namespaces/report-designer/2.0" report-designer:hideInLayoutGUI="true" core:element-type="watermark">
    <element-style>
    </element-style>
  </layout:watermark>
  <layout:page-header xmlns:report-designer="http://reporting.pentaho.org/namespaces/report-designer/2.0" report-designer:visual-height="63.65393324279785" core:element-type="page-header">
    <element-style>
    </element-style>
    <layout:label core:element-type="label">
      <element-style>
        <common-styles alignment="left" vertical-alignment="middle"/>
        <text-styles font-size="10"/>
        <spatial-styles x="0" y="0" min-width="70.193" min-height="20"/>
      </element-style>
      <core:value>Date :</core:value>
    </layout:label>
    <layout:date-field core:element-type="date-field" core:field="report.date" core:format-string="MMM dd-yyyy">
      <element-style>
        <common-styles vertical-alignment="middle"/>
        <text-styles font-size="10"/>
        <spatial-styles x="70.193" y="0" min-width="129.71" min-height="20"/>
      </element-style>
    </layout:date-field>
  </layout:page-header>
  <layout:page-footer xmlns:report-designer="http://reporting.pentaho.org/namespaces/report-designer/2.0" report-designer:visual-height="29.0" core:element-type="page-footer">
    <element-style>
    </element-style>
  </layout:page-footer>
</style>



