<?xml version="1.0" encoding="UTF-8"?><data:sql-datasource xmlns:data="http://jfreereport.sourceforge.net/namespaces/datasources/sql">
  <data:config label-mapping="true"/>
  <data:connection>
    <data:driver>com.mysql.jdbc.Driver</data:driver>
    <data:url>jdbc:mysql://localhost:3306/headstartdemo</data:url>
    <data:properties>
      <data:property name="user">root</data:property>
      <data:property name="password">root</data:property>
      <data:property name="::pentaho-reporting::port">3306</data:property>
      <data:property name="::pentaho-reporting::name">headstartdemo</data:property>
      <data:property name="::pentaho-reporting::database-name">headstartdemo</data:property>
      <data:property name="::pentaho-reporting::hostname">localhost</data:property>
      <data:property name="::pentaho-reporting::database-type">MYSQL</data:property>
    </data:properties>
  </data:connection>
  <data:query-definitions>
    <data:query name="get_table1"><data:static-query>select payment.payment_date payment_date, count(payment.amount) count_amount, sum(payment.amount) sum_amount, avg(payment.amount) average_amount, max(payment.amount) max_amount, min(payment.amount) min_amount from payment group by payment.payment_date order by payment.payment_date asc</data:static-query></data:query>
  </data:query-definitions>
</data:sql-datasource>