insert into app values ('headstartdemo','app');
insert into layout values ('icon-layout','WorklistTab','page',null,null,'headstartdemo','CrudTabSet');
insert into layout values ('icon-layout','UserMgmtTab','page',null,null,'headstartdemo','CrudTabSet');
insert into module values ('Customer', 'module', 'headstartdemo', null);
insert into xml values ('CustomerCreateListGrid', 'xml', 'headstartdemo', 'Customer/CustomerCreateListGrid', 'd:/JUNK', 'd:/JUNK','d:/JUNK','CustomerCreateListGrid.class.php', 'CustomerCreateListGrid', 'Customer');
insert into xml values ('CustomerCreateForm', 'xml', 'headstartdemo', 'Customer/CustomerCreateForm', 'd:/JUNK', 'd:/JUNK','d:/JUNK','CustomerCreateListGrid.class.php', 'CustomerCreateForm', 'Customer');
insert into layout values ('icon-layout','CustomerTab','page',null,null,'headstartdemo','CrudTabSet');
insert into module values ('Office', 'module', 'headstartdemo', null);
insert into xml values ('OfficeCreateListGrid', 'xml', 'headstartdemo', 'Office/OfficeCreateListGrid', 'd:/JUNK', 'd:/JUNK','d:/JUNK','OfficeCreateListGrid.class.php', 'OfficeCreateListGrid', 'Office');
insert into xml values ('OfficeCreateForm', 'xml', 'headstartdemo', 'Office/OfficeCreateForm', 'd:/JUNK', 'd:/JUNK','d:/JUNK','OfficeCreateListGrid.class.php', 'OfficeCreateForm', 'Office');
insert into layout values ('icon-layout','OfficeTab','page',null,null,'headstartdemo','CrudTabSet');
insert into module values ('Orderdetail', 'module', 'headstartdemo', null);
insert into xml values ('OrderdetailCreateListGrid', 'xml', 'headstartdemo', 'Orderdetail/OrderdetailCreateListGrid', 'd:/JUNK', 'd:/JUNK','d:/JUNK','OrderdetailCreateListGrid.class.php', 'OrderdetailCreateListGrid', 'Orderdetail');
insert into xml values ('OrderdetailCreateForm', 'xml', 'headstartdemo', 'Orderdetail/OrderdetailCreateForm', 'd:/JUNK', 'd:/JUNK','d:/JUNK','OrderdetailCreateListGrid.class.php', 'OrderdetailCreateForm', 'Orderdetail');
insert into layout values ('icon-layout','OrderdetailTab','page',null,null,'headstartdemo','CrudTabSet');
insert into module values ('Employee', 'module', 'headstartdemo', null);
insert into xml values ('EmployeeCreateListGrid', 'xml', 'headstartdemo', 'Employee/EmployeeCreateListGrid', 'd:/JUNK', 'd:/JUNK','d:/JUNK','EmployeeCreateListGrid.class.php', 'EmployeeCreateListGrid', 'Employee');
insert into xml values ('EmployeeCreateForm', 'xml', 'headstartdemo', 'Employee/EmployeeCreateForm', 'd:/JUNK', 'd:/JUNK','d:/JUNK','EmployeeCreateListGrid.class.php', 'EmployeeCreateForm', 'Employee');
insert into layout values ('icon-layout','EmployeeTab','page',null,null,'headstartdemo','CrudTabSet');
insert into module values ('Orders', 'module', 'headstartdemo', null);
insert into xml values ('OrdersCreateListGrid', 'xml', 'headstartdemo', 'Orders/OrdersCreateListGrid', 'd:/JUNK', 'd:/JUNK','d:/JUNK','OrdersCreateListGrid.class.php', 'OrdersCreateListGrid', 'Orders');
insert into xml values ('OrdersCreateForm', 'xml', 'headstartdemo', 'Orders/OrdersCreateForm', 'd:/JUNK', 'd:/JUNK','d:/JUNK','OrdersCreateListGrid.class.php', 'OrdersCreateForm', 'Orders');
insert into layout values ('icon-layout','OrdersTab','page',null,null,'headstartdemo','CrudTabSet');
insert into module values ('Product', 'module', 'headstartdemo', null);
insert into xml values ('ProductCreateListGrid', 'xml', 'headstartdemo', 'Product/ProductCreateListGrid', 'd:/JUNK', 'd:/JUNK','d:/JUNK','ProductCreateListGrid.class.php', 'ProductCreateListGrid', 'Product');
insert into xml values ('ProductCreateForm', 'xml', 'headstartdemo', 'Product/ProductCreateForm', 'd:/JUNK', 'd:/JUNK','d:/JUNK','ProductCreateListGrid.class.php', 'ProductCreateForm', 'Product');
insert into layout values ('icon-layout','ProductTab','page',null,null,'headstartdemo','CrudTabSet');
insert into module values ('Payment', 'module', 'headstartdemo', null);
insert into xml values ('PaymentCreateListGrid', 'xml', 'headstartdemo', 'Payment/PaymentCreateListGrid', 'd:/JUNK', 'd:/JUNK','d:/JUNK','PaymentCreateListGrid.class.php', 'PaymentCreateListGrid', 'Payment');
insert into xml values ('PaymentCreateForm', 'xml', 'headstartdemo', 'Payment/PaymentCreateForm', 'd:/JUNK', 'd:/JUNK','d:/JUNK','PaymentCreateListGrid.class.php', 'PaymentCreateForm', 'Payment');
insert into layout values ('icon-layout','PaymentTab','page',null,null,'headstartdemo','CrudTabSet');
insert into layout values ('icon-layout','ReportTab','page',null,null,'headstartdemo','CrudTabSet');