<?xml version="1.0" encoding="UTF-8"?><data:sql-datasource xmlns:data="http://jfreereport.sourceforge.net/namespaces/datasources/sql">
  <data:config label-mapping="true"/>
  <data:connection>
    <data:driver>com.mysql.jdbc.Driver</data:driver>
    <data:url>jdbc:mysql://localhost:3306/headstartdemo</data:url>
    <data:properties>
      <data:property name="user">root</data:property>
      <data:property name="password">root</data:property>
      <data:property name="::pentaho-reporting::port">3306</data:property>
      <data:property name="::pentaho-reporting::name">headstartdemo</data:property>
      <data:property name="::pentaho-reporting::database-name">headstartdemo</data:property>
      <data:property name="::pentaho-reporting::hostname">localhost</data:property>
      <data:property name="::pentaho-reporting::database-type">MYSQL</data:property>
    </data:properties>
  </data:connection>
  <data:query-definitions>
    <data:query name="get_table1"><data:static-query>select product.productVendor productVendor, count(product.sellPrice) count_sellPrice, sum(product.sellPrice) sum_sellPrice, avg(product.sellPrice) average_sellPrice, max(product.sellPrice) max_sellPrice, min(product.sellPrice) min_sellPrice from product group by product.productVendor order by product.productVendor asc</data:static-query></data:query>
  </data:query-definitions>
</data:sql-datasource>